{
  "test": {
    "thin": {
      "yes": {
        "more": ["35", "26"],
        "less": ["0", "5", "15", "23", "27", "28"]
      },

      "no": {
        "more": ["41", "42", "43", "44"],
        "less": ["45", "46", "47"]
      }
    },
    "thick": {
      "yes": {
        "more": [
          "3",
          "4",
          "7",
          "10",
          "11",
          "13",
          "14",
          "16",
          "17",
          "11",
          "19",
          "29"
        ],
        "less": ["2", "12", "20", "25", "36"]
      },
      "no": {
        "more": ["1", "6", "31", "37"],
        "less": ["39", "55", "56", "57", "58", "48"]
      }
    }
  },
  "ciga": [
    {
      "id": "0",
      "url": "./img/product/01_esse_change_himalaya.jpg",
      "title": "에쎄체인지 히말라야",
      "detail": "타르 1.0mg, 니코틴 0.10mg",
      "tag": "#캡슐 #소다맛 #박하향",
      "rating": "디자인 4.5 / 5.0 \\n향 3.5 / 5.0  \\n맛 2.5 / 5.0 \\n목넘김 4.0 / 5.0   \\n빨림 4.5 / 5.0  \\n연량 4.0 / 5.0  \\n총점 3.8 / 5.0"
    },
    {
      "id": "1",
      "url": "./img/product/02_sevenstars.jpg",
      "title": "세븐스타",
      "detail": "타르 14.0mg, 니코틴 1.2mg",
      "tag": "#고타르 #부드러움 #독함",
      "rating": "디자인 4.5 / 5.0\\n 향 2.5 / 5.0\\n   맛 4.5 / 5.0\\n  목넘김 4.5 / 5.0\\n   빨림 4.5 / 5.0\\n  연량 4.5 / 5.0\\n  총점 4.1 / 5.0"
    },
    {
      "id": "2",
      "url": "./img/product/03_africa_sunday.jpg",
      "title": "아프리카 썬데이",
      "detail": "타르 1.0mg, 니코틴 0.10mg",
      "tag": "#캡슐 #바나나맛 #멘솔",
      "rating": "디자인 4.5 / 5.0\\n 향 4.5 / 5.0\\n 맛 4.5 / 5.0\\n 목넘김 4.0 / 5.0\\n  빨림 4.5 / 5.0\\n  연량 3.5 / 5.0\\n 총점 4.25 / 5.0"
    },
    {
      "id": "3",
      "url": "./img/product/04_marboro_hybrid5.jpg",
      "title": "말보로 하이브리드 5mg",
      "detail": "타르 5.0mg, 니코틴 0.40mg",
      "tag": "#캡슐 #사이다맛 #민트맛",
      "rating": "디자인 4.5 / 5.0\\n   향 2.5 / 5.0\\n  맛 3.0 / 5.0\\n 목넘김 4.0 / 5.0\\n  빨림 2.5 / 5.0\\n 연량 3.5​ / 5.0\\n 총점 3.3 / 5.0"
    },
    {
      "id": "4",
      "url": "./img/product/05_bohem_cubana_double.jpg",
      "title": "보헴시가 쿠바나 더블",
      "detail": "타르 6.0mg, 니코틴 0.4mg",
      "tag": "#캡슐 #모히또맛 #청량감",
      "rating": "디자인 4.5 / 5.0\\n   향 4.5 / 5.0\\n   맛 4.5 / 5.0\\n 목넘김 4.0 / 5.0\\n 빨림 4.0 / 5.0\\n연량 4.0 / 5.0\\n총점 4.3 / 5.0"
    },
    {
      "id": "5",
      "url": "./img/product/06_esse_change_up.jpeg",
      "title": "에쎄 체인지업",
      "detail": "타르 1.0mg, 니코틴0.10mg",
      "tag": "#캡슐 #오렌지맛 #귤맛 #멘솔",
      "rating": "디자인 3.0 / 5.0\\n향 4.5 / 5.0\\n맛 4.5 / 5.0\\n목넘김 4.0 / 5.0\\n빨림 3.0 / 5.0\\n연량 4.0 / 5.0\\n총점 3.8 / 5.0"
    },
    {
      "id": "6",
      "url": "./img/product/07_marlboro_red.jpg",
      "title": "말보로 레드",
      "detail": "타르 8.0mg, 니코틴 0.70mg",
      "tag": "#진함 #부드러움 #오리지널한 맛",
      "rating": "디자인 4.5 / 5.0\\n향 3.0 / 5.0\\n맛 4.5 / 5.0\\n목넘김 5.0 / 5.0\\n빨림 3.0 / 5.0\\n연량 4.5 / 5.0\\n총점 4.0 / 5.0"
    },
    {
      "id": "7",
      "url": "./img/product/08_lamborghini_Icevolt_gt.jpg",
      "title": "토니노 람보르기니 아이스볼트 GT",
      "detail": "타르 6.0mg, 니코틴 0.50mg",
      "tag": "#캡슐 #강한 멘솔 #중독성",
      "rating": "디자인 5.0 / 5.0\\n향 5.0 / 5.0\\n맛 5.0 / 5.0\\n목넘김 3.0 / 5.0\\n빨림 3.0 / 5.0\\n연량 3.0 / 5.0\\n총점 4.0 / 5.0"
    },
    {
      "id": "8",
      "url": "./img/product/09_raison_french_black.jpg",
      "title": "레종 프렌치 블랙",
      "detail": "타르 3.0mg, 니코틴 0.20mg",
      "tag": "#캡슐 #포도향",
      "rating": "디자인 4.5 / 5.0\\n향 4.5 / 5.0\\n맛 1.5 / 5.0\\n목넘김 4.5 / 5.0\\n빨림 4.5 / 5.0\\n연량 4.5 / 5.0\\n총점 4.0 / 5.0"
    },
    {
      "id": "9",
      "url": "./img/product/10_raison_hyvaa.jpg",
      "title": "레종 휘바",
      "detail": "타르 3.0mg, 니코틴 0.20mg",
      "tag": "#캡슐 #멘솔 #소다맛",
      "rating": "디자인 5.0 / 5.0\\n향 4.5 / 5.0\\n맛 3.5 / 5.0\\n목넘김 4.0 / 5.0\\n빨림 4.0 / 5.0\\n연량 4.0 / 5.0\\n총점 4.1 / 5.0"
    },
    {
      "id": "10",
      "url": "./img/product/11_marlboro_ice_blast.jpg",
      "title": "말보로 아이스 블라스트",
      "detail": "타르 6.0mg, 니코틴 0.50mg",
      "tag": "#캡슐 #박하맛 #멘솔",
      "rating": "디자인 5.0 / 5.0\\n향 4.0 / 5.0\\n맛 5.0 / 5.0\\n목넘김 4.5 / 5.0\\n빨림 4.5 / 5.0\\n연량 4.5 / 5.0\\n총점 4.6 / 5.0"
    },
    {
      "id": "11",
      "url": "./img/product/12_marlboro_white_fresh.jpg",
      "title": "말보로 화이트 후레쉬",
      "detail": "타르 6.0mg, 니코틴 0.50mg",
      "tag": "#캡슐 #멘솔",
      "rating": "디자인 5.0 / 5.0\\n향 1.5 / 5.0\\n맛 2.5 / 5.0\\n목넘김 3.0 / 5.0\\n빨림 2.5 / 5.0\\n연량 5.0 / 5.0\\n총점 3.2 / 5.0"
    },
    {
      "id": "12",
      "url": "./img/product/14_raison_frenchcleo.jpg",
      "title": "레종 프렌치 끌레오",
      "detail": "타르 1.0mg, 니코틴 0.10mg",
      "tag": "#캡슐 #과일 #목캔디맛",
      "rating": "디자인 5.0 / 5.0\\n향 3.5 / 5.0\\n맛 2.5 / 5.0\\n목넘김 3.5 / 5.0\\n빨림 4.0 / 5.0\\n연량 3.5 / 5.0\\n총점 3.6 / 5.0"
    },
    {
      "id": "13",
      "url": "./img/product/15_parliament_hybrid5.jpg",
      "title": "팔리아멘트 하이브리드 5mg",
      "detail": "타르 5.0mg, 니코틴 0.40mg",
      "tag": "#캡슐 #깔끔 #고소함",
      "rating": "디자인 4.5 / 5.0\\n향 3.5 / 5.0\\n맛 4.5 / 5.0\\n목넘김 4.5 / 5.0\\n빨림 2.0 / 5.0\\n연량 4.5 / 5.0\\n총점 3.8 / 5.0"
    },
    {
      "id": "14",
      "url": "./img/product/16_africa_rula.jpg",
      "title": "디스 아프리카 룰라",
      "detail": "타르 5.0mg, 니코틴 0.40mg",
      "tag": "#캡슐 #바닐라맛 #구수한맛",
      "rating": "디자인 4.5 / 5.0\\n향 4.5 / 5.0\\n맛 3.5 / 5.0\\n목넘김 4.5 / 5.0\\n빨림 3.5 / 5.0\\n연량 4.5 / 5.0\\n총점 4.1 / 5.0"
    },
    {
      "id": "15",
      "url": "./img/product/17_Esse_change.jpg",
      "title": "에쎄 체인지 1mg",
      "detail": "타르 1.0mg, 니코틴 0.10mg",
      "tag": "#캡슐 #멘솔 #베이직",
      "rating": "디자인 4.0 / 5.0\\n향 3.0 / 5.0\\n맛 3.5 / 5.0\\n목넘김 4.5 / 5.0\\n빨림 4.5 / 5.0\\n연량 4.0 / 5.0\\n총점 3.9 / 5.0"
    },
    {
      "id": "16",
      "url": "./img/product/19_raison_icepresso.jpg",
      "title": "레종 아이스 프레소",
      "detail": "타르 6.0mg, 니코틴 0.50mg",
      "tag": "#캡슐 #헤이즐넛맛 #커피",
      "rating": "디자인 3.5 / 5.0\\n향 5.0 / 5.0\\n맛 3.0 / 5.0\\n목넘김 3.5 / 5.0\\n빨림 4.0 / 5.0\\n연량 5.0 / 5.0\\n총점 4.0 / 5.0"
    },
    {
      "id": "17",
      "url": "./img/product/20_africa_mola.jpg",
      "title": "디스 아프리카 몰라",
      "detail": "타르 5.0mg, 니코틴 0.40mg",
      "tag": "#캡슐 #바나나 #딸기 #사과 #라임 #오렌지",
      "rating": "디자인 3.0 / 5.0\\n향 3.0 / 5.0\\n맛 1.5 / 5.0\\n목넘김 3.0 / 5.0\\n빨림 3.0 / 5.0\\n연량 4.0 / 5.0\\n총점 2.9 ​/ 5.0"
    },
    {
      "id": "18",
      "url": "./img/product/21_marlboro_black_fresh.jpg",
      "title": "말보로 블랙 후레쉬",
      "detail": "타르 6.0mg, 니코틴 0.50mg",
      "tag": "#매우시원함",
      "rating": "디자인 4.5 / 5.0\\n향 2.5 / 5.0\\n맛 2.5 / 5.0\\n목넘김 2.0 / 5.0\\n빨림 3.5 / 5.0\\n연량 3.0 / 5.0\\n총점 3.0 / 5.0"
    },
    {
      "id": "19",
      "url": "./img/product/23_raison_sunpresso.jpg",
      "title": "레종 썬 프레소",
      "detail": "타르 6.0mg, 니코틴 0.50mg",
      "tag": "#캡슐 #헤이즐넛 #오렌지맛",
      "rating": "디자인 3.5 / 5.0\\n향 5.0 / 5.0\\n맛 4.0 / 5.0\\n목넘김 3.5 / 5.0\\n빨림 4.0 / 5.0\\n연량 5.0 / 5.0\\n총점 4.1 / 5.0"
    },
    {
      "id": "20",
      "url": "./img/product/24_dunhill_frost.jpg",
      "title": "던힐 프로스트",
      "detail": "타르 1.0mg, 니코틴 0.10mg",
      "tag": "#멘솔",
      "rating": "디자인 4.5 / 5.0\\n향 3.0 / 5.0\\n맛 4.0 / 5.0\\n목넘김 4.0 / 5.0\\n빨림 4.5 / 5.0\\n연량 4.5 / 5.0\\n총점 4.1 / 5.0"
    },
    {
      "id": "21",
      "url": "./img/product/28_bohem_cigar_slimfit.jpg",
      "title": "보헴시가 슬림핏 브라운",
      "detail": "타르 1.0mg, 니코틴 0.10mg",
      "tag": "#시가맛 #캡슐 #부드러운향",
      "rating": "디자인 4.0 / 5.0\\n향 3.0 / 5.0\\n맛 3.5 / 5.0\\n목넘김 4.0 / 5.0\\n빨림 4.0 / 5.0\\n연량 4.0 / 5.0\\n총점 3.8 / 5.0"
    },
    {
      "id": "22",
      "url": "./img/product/29_bohem_cigar_slimfit.jpg",
      "title": "보헴시가 슬림핏 화이트",
      "detail": "타르 1.0mg, 니코틴 0.10mg",
      "tag": "#캡슐 #밀크소다맛 #고소함",
      "rating": "디자인 4.0 / 5.0\\n향 3.0 / 5.0\\n맛 3.5 / 5.0\\n목넘김 4.0 / 5.0\\n빨림 4.5 / 5.0\\n연량 2.0 / 5.0\\n총점 3.5 / 5.0"
    },
    {
      "id": "23",
      "url": "./img/product/30_esse_change_w.jpg",
      "title": "에쎄 체인지 W",
      "detail": "타르 1.0mg, 니코틴 0.10mg",
      "tag": "#캡슐 #와인 #소다맛",
      "rating": "디자인 4.0 / 5.0\\n향 1.5 ​/ 5.0\\n맛 3.5 / 5.0\\n목넘김 4.0 / 5.0\\n빨림 4.0 / 5.0\\n연량 3.5 / 5.0\\n총점 3.4 / 5.0"
    },
    {
      "id": "24",
      "url": "./img/product/31_mevius_yellow.jpg",
      "title": "메비우스 LBS 옐로우",
      "detail": "타르 3.0mg, 니코틴 0.20mg",
      "tag": "#캡슐 #레몬맛",
      "rating": "디자인 3.0 / 5.0\\n향 3.0 / 5.0\\n맛 4.5 / 5.0\\n목넘김 4.0 / 5.0\\n빨림 4.5 / 5.0\\n연량 4.0 / 5.0\\n총점 3.8 / 5.0"
    },
    {
      "id": "25",
      "url": "./img/product/33_mevius_blue.jpg",
      "title": "메비우스 LBS 블루",
      "detail": "타르 1.0mg, 니코틴 0.10mg",
      "tag": "#캡슐 #목캔디 #박하맛",
      "rating": "디자인 3.0 / 5.0\\n향 3.0 / 5.0\\n맛 3.0 / 5.0\\n목넘김 4.5 / 5.0\\n빨림 3.0 / 5.0\\n연량 3.0 / 5.0\\n총점 3.2 / 5.0"
    },
    {
      "id": "26",
      "url": "./img/product/35_dunhill_mellow_crush.jpg",
      "title": "던힐 파인컷 멜로우 크러쉬",
      "detail": "타르 1.5mg, 니코틴 0.15mg",
      "tag": "#두가지 캡슐 #멘솔 #메론 #청량감",
      "rating": "디자인 4.0 / 5.0\\n향 2.5 / 5.0\\n맛 3.0 / 5.0\\n목넘김 3.5 / 5.0\\n빨림 4.0 / 5.0\\n연량 4.0 / 5.0\\n총점 3.5 / 5.0"
    },
    {
      "id": "27",
      "url": "./img/product/37_esse_change_linn.jpg",
      "title": "에쎄 체인지 린",
      "detail": "타르 1.0mg, 니코틴 0.10mg",
      "tag": "#캡슐 #포도 #풍선껌맛 #시원함",
      "rating": "디자인 3.5 / 5.0\\n향 3.5 / 5.0\\n맛 2.5 / 5.0\\n목넘김 3.5 / 5.0\\n빨림 3.0 / 5.0\\n연량 3.0 / 5.0\\n총점 3.2 / 5.0"
    },
    {
      "id": "28",
      "url": "./img/product/38_esse_change_frozen.jpg",
      "title": "에쎄 체인지 프로즌",
      "detail": "타르 1.0mg, 니코틴 0.10mg",
      "tag": "#캡슐 #포도 #깔끔함",
      "rating": "디자인 4.0 / 5.0\\n향 4.0 / 5.0\\n맛 3.5 / 5.0\\n목넘김 3.5 / 5.0\\n빨림 3.5 / 5.0\\n연량 3.0 / 5.0\\n총점 3.6 / 5.0"
    },
    {
      "id": "29",
      "url": "./img/product/40_marlboro_shuffle.jpg",
      "title": "말보로 셔플",
      "detail": "타르 5.0mg, 니코틴 0.40mg",
      "tag": "#다섯가지 캡슐 #메론 #시트러스 #멘솔 #트로피컬 #베리",
      "rating": "디자인 5.0 / 5.0\\n향 2.0 / 5.0\\n맛 2.5 / 5.0\\n목넘김 4.0 / 5.0\\n빨림 3.5 / 5.0\\n연량 4.0 / 5.0\\n총점 3.5 / 5.0"
    },
    {
      "id": "30",
      "url": "./img/product/41_marlboro_zing_fusion.jpg",
      "title": "말보로 징퓨전 더블(징더블)",
      "detail": "타르 6.0mg, 니코틴 0.40mg",
      "tag": "#캡슐 #복숭아맛",
      "rating": "디자인 4.0 / 5.0\\n향 2.0 / 5.0\\n맛 1.5 / 5.0\\n목넘김 4.0 / 5.0\\n빨림 4.0 / 5.0\\n연량 4.0 / 5.0\\n총점 3.3 / 5.0"
    },
    {
      "id": "31",
      "url": "./img/product/42_bohem_cigar_libre.jpg",
      "title": "보헴시가 리브레",
      "detail": "타르 5.0mg, 니코틴 0.40mg",
      "tag": "#부드러움",
      "rating": "디자인 3.5 / 5.0\\n향 3.5 / 5.0\\n맛 3.5 / 5.0\\n목넘김 4.5 / 5.0\\n빨림 4.0 / 5.0\\n연량 4.5 / 5.0\\n총점 3.9 / 5.0"
    },
    {
      "id": "32",
      "url": "./img/product/43_dunhill_tobacco.jpg",
      "title": "던힐 스위치",
      "detail": "타르 6.0mg, 니코틴 0.50mg",
      "tag": "#캡슐 #시원한맛",
      "rating": "디자인 4.0 / 5.0\\n향 2.5 / 5.0\\n맛 3.5 / 5.0\\n목넘김 3.5 / 5.0\\n빨림 3.0 / 5.0\\n연량 3.5 / 5.0\\n총점 3.3 / 5.0"
    },
    {
      "id": "33",
      "url": "./img/product/44_raison_french_pola.jpg",
      "title": "레종 프렌치 폴라",
      "detail": "타르 3.0mg, 니코틴 0.20mg",
      "tag": "#캡슐 #폴라 #복숭아맛 #부드러움",
      "rating": "디자인 3.5 / 5.0\\n향 3.0 / 5.0\\n맛 2.0 / 5.0\\n목넘김 4.0 / 5.0\\n빨림 3.5 / 5.0\\n연량 3.5 / 5.0\\n총점 3.2 / 5.0"
    },
    {
      "id": "34",
      "url": "./img/product/46_mevius_tropical_mix.jpg",
      "title": "메비우스 LBS 트로피컬 믹스",
      "detail": "타르 5.0mg, 니코틴 0.30mg",
      "tag": "#캡슐 #연유맛 #과일",
      "rating": "디자인 3.0 / 5.0\\n향 3.0 / 5.0\\n맛 3.5 / 5.0\\n목넘김 4.0 / 5.0\\n빨림 3.5 / 5.0\\n연량 3.5 / 5.0\\n총점 3.4 / 5.0"
    },
    {
      "id": "35",
      "url": "./img/product/47_kent_purple.jpg",
      "title": "켄트 퍼플",
      "detail": "타르 1.5mg, 니코틴 0.15mg",
      "tag": "#캡슐 #아로마 #포도맛",
      "rating": "디자인 3.0 / 5.0\\n향 3.0 / 5.0\\n맛 3.0 / 5.0\\n목넘김 3.5 / 5.0\\n빨림 2.5 / 5.0\\n연량 2.5 / 5.0\\n총점 2.9 / 5.0"
    },
    {
      "id": "36",
      "url": "./img/product/48_raison_french_yogo.jpg",
      "title": "레종 프렌치 요고",
      "detail": "타르 1.0mg, 니코틴 0.10mg",
      "tag": "#캡슐 #요거트 #블랙 타바코",
      "rating": "디자인 4.0 / 5.0\\n향 4.0 / 5.0\\n맛 2.0 / 5.0\\n목넘김 4.0 / 5.0\\n빨림 4.0 / 5.0\\n연량 3.5 / 5.0\\n총점 3.6 / 5.0"
    },
    {
      "id": "37",
      "url": "./img/product/49_black_devil.jpg",
      "title": "블랙데빌 블랙",
      "detail": "타르 10mg, 니코틴 0.80mg",
      "tag": "#헤이즐넛 #코코넛 #고급스러움",
      "rating": "디자인 5.0 / 5.0\\n향 4.0 / 5.0\\n맛 4.0 / 5.0\\n목넘김 4.0 / 5.0\\n빨림 2.5 ​/ 5.0\\n연량 3.5 / 5.0\\n총점 3.8 / 5.0"
    },
    {
      "id": "38",
      "url": "./img/product/50_raison_french_ssom.jpg",
      "title": "레종 프렌치 썸",
      "detail": "타르 3.0mg, 니코틴 0.20mg",
      "tag": "#두가지 캡슐 #자몽맛 #꿀맛 #단맛",
      "rating": "디자인 4.5 / 5.0\\n향 2.0 / 5.0\\n맛 2.5 / 5.0\\n목넘김 3.5 / 5.0\\n빨림 3.5 / 5.0\\n연량 3.5 / 5.0\\n총점 3.3 / 5.0"
    },
    {
      "id": "39",
      "url": "./img/product/dunhill1.jpg",
      "title": "던힐1mg",
      "detail": "타르 1.0mg, 니코틴 0.10mg",
      "tag": "#가벼움 #입문자",
      "rating": "디자인  2.0/ 5.0\\n향  2.0/ 5.0\\n맛  3.5/ 5.0\\n목넘김  4.3/ 5.0\\n빨림  2.1/ 5.0\\n연량  3.2/ 5.0\\n총점  2.9/ 5.0"
    },
    {
      "id": "40",
      "url": "./img/product/dunhill3.jpg",
      "title": "던힐3mg",
      "detail": "타르 3.0mg, 니코틴 0.30mg",
      "tag": "#밸런스 #묵직함",
      "rating": "디자인  2.0/ 5.0\\n향  2.0/ 5.0\\n맛  3.5/ 5.0\\n목넘김  4.3/ 5.0\\n빨림  2.1/ 5.0\\n연량  3.2/ 5.0\\n총점  2.9/ 5.0"
    },
    {
      "id": "41",
      "url": "./img/product/Esse_classic.jpg",
      "title": "에쎄 클래식",
      "detail": "타르 6.5mg, 니코틴 0.65mg",
      "tag": "#좋은 흡입감 #흡연 만족감 우수",
      "rating": "디자인 3.0 / 5.0\\n향 3.0 / 5.0\\n맛 3.5 / 5.0\\n목넘김 2.0 / 5.0\\n빨림 2.0 / 5.0\\n연량 3.5 / 5.0\\n총점  2.5/ 5.0"
    },
    {
      "id": "42",
      "url": "./img/product/Esse_goldenleaf.jpg",
      "title": "에쎄 골든리프",
      "detail": "타르 3.0mg, 니코틴 0.30mg",
      "tag": "#헤이즐넛 #코코넛 #고급스러움",
      "rating": "디자인 5.0 / 5.0\\n향 4.0 / 5.0\\n맛 3.5 / 5.0\\n목넘김 3.0 / 5.0\\n빨림 3.0 / 5.0\\n연량 3.0 / 5.0\\n총점  3.6/ 5.0"
    },
    {
      "id": "43",
      "url": "./img/product/Esse_Prime.jpg",
      "title": "에쎄 프라임",
      "detail": "타르 4.5mg, 니코틴 0.45mg",
      "tag": "#뒤끝 없음 #깔끔함",
      "rating": "디자인 2.0 / 5.0\\n향 3.0 / 5.0\\n맛 3.5 / 5.0\\n목넘김 3.0 / 5.0\\n빨림 2.5 / 5.0\\n연량 3.0 / 5.0\\n총점  3.6/ 5.0"
    },
    {
      "id": "44",
      "url": "./img/product/Esse_specialGold.jpg",
      "title": "에쎄 스페셜골드",
      "detail": "타르 3.5mg, 니코틴 0.40mg",
      "tag": "#순함 #부드러움 #깔끔함",
      "rating": "디자인 4.5 / 5.0\\n향 3.0 / 5.0\\n맛 3.5 / 5.0\\n목넘김 2.0 / 5.0\\n빨림 3.0 / 5.0\\n연량 3.0 / 5.0\\n총점  3.2/ 5.0"
    },
    {
      "id": "45",
      "url": "./img/product/Esse0.1.jpg",
      "title": "에쎄 수 0.1mg",
      "detail": "타르 0.1mg, 니코틴 0.01mg",
      "tag": "#매우순함 #대나무숯향 #2중필터",
      "rating": "디자인 3.5 / 5.0\\n향 3.0 / 5.0\\n맛 3.5 / 5.0\\n목넘김 1.0 / 5.0\\n빨림 3.0 / 5.0\\n연량 2.0 / 5.0\\n총점  2.6/ 5.0"
    },
    {
      "id": "46",
      "url": "./img/product/Esse0.5.jpg",
      "title": "에쎄 수 0.5mg",
      "detail": "타르 0.5mg, 니코틴 0.05mg",
      "tag": "#매우순함 #대나무숯향 #2중필터",
      "rating": "디자인 3.5 / 5.0\\n향 3.0 / 5.0\\n맛 3.5 / 5.0\\n목넘김 2.0 / 5.0\\n빨림 2.0 / 5.0\\n연량 3.0 / 5.0\\n총점  2.8/ 5.0"
    },
    {
      "id": "47",
      "url": "./img/product/Esse1.jpg",
      "title": "에쎄 수 1mg",
      "detail": "타르 1.0mg, 니코틴 0.10mg",
      "tag": "#순함 #대나무숯향 #2중필터",
      "rating": "디자인 3.5 / 5.0\\n향 3.0 / 5.0\\n맛 3.5 / 5.0\\n목넘김 2.0 / 5.0\\n빨림 2.0 / 5.0\\n연량 3.0 / 5.0\\n총점  2.5/ 5.0"
    },
    {
      "id": "48",
      "url": "./img/product/LSS1.jpg",
      "title": "메비우스 LSS 1mg",
      "detail": "타르 1.0mg, 니코틴 0.10mg",
      "tag": "#적은 냄새 #옆으로 열리는 디자인",
      "rating": "디자인 5.0 / 5.0\\n향 4.0 / 5.0\\n맛 3.5 / 5.0\\n목넘김 3.0 / 5.0\\n빨림 2.5 / 5.0\\n연량 3.5 / 5.0\\n총점 3.5 / 5.0"
    },
    {
      "id": "49",
      "url": "./img/product/LSS3.jpg",
      "title": "메비우스 LSS 3mg",
      "detail": "타르 3.0mg, 니코틴 0.30mg",
      "tag": "#적은 냄새 #옆으로 열리는 디자인",
      "rating": "디자인 5.0 / 5.0\\n향 4.0 / 5.0\\n맛 3.5 / 5.0\\n목넘김 4.0 / 5.0\\n빨림 3.5 / 5.0\\n연량 3.5 / 5.0\\n총점 4.0 / 5.0"
    },
    {
      "id": "50",
      "url": "./img/product/marlboro_gold.jpg",
      "title": "말보로 골드",
      "detail": "타르 6.0mg, 니코틴 0.50mg",
      "tag": "#누룽지향 #뒷맛깔끔",
      "rating": "디자인 4.0 / 5.0\\n향 4.0 / 5.0\\n맛 4.0 / 5.0\\n목넘김 3.5 / 5.0\\n빨림 4.0 / 5.0\\n연량 3.5 / 5.0\\n총점  3.8/ 5.0"
    },
    {
      "id": "51",
      "url": "./img/product/parliament aqua5.jpg",
      "title": "팔리아멘트 아쿠아5",
      "detail": "타르 5.0mg, 니코틴 0.40mg",
      "tag": "#고소함 #뒷맛깔끔",
      "rating": "디자인 3.0 / 5.0\\n향 4.0 / 5.0\\n맛 3.5 / 5.0\\n목넘김 4.0 / 5.0\\n빨림 4.5 / 5.0\\n연량 3.5 / 5.0\\n총점  3.8/ 5.0"
    },
    {
      "id": "52",
      "url": "./img/product/parliament_aqua3jpg.jpg",
      "title": "팔리아멘트 아쿠아3",
      "detail": "타르 3.0mg, 니코틴 0.2mg",
      "tag": "#고소함 #뒷맛깔끔",
      "rating": "디자인 3.0 / 5.0\\n향 4.0 / 5.0\\n맛 3.5 / 5.0\\n목넘김 4.0 / 5.0\\n빨림 4.5 / 5.0\\n연량 3.5 / 5.0\\n총점  3.8/ 5.0"
    },
    {
      "id": "53",
      "url": "./img/product/skyblue_gwak.jpg",
      "title": "메비우스 스카이 블루 곽",
      "detail": "타르 6.0mg, 니코틴 0.6mg",
      "tag": "#헤이즐넛 #코코넛 #고급스러움",
      "rating": "디자인 4.0 / 5.0\\n향 4.0 / 5.0\\n맛 4.5 / 5.0\\n목넘김 5.0 / 5.0\\n빨림 4.5 / 5.0\\n연량 3.5 / 5.0\\n총점 4.2 / 5.0"
    },
    {
      "id": "54",
      "url": "./img/product/skyblue_pack.jpg",
      "title": "메비우스 스카이 블루 팩",
      "detail": "타르 6.0mg, 니코틴 0.6mg",
      "tag": "#헤이즐넛 #코코넛 #고급스러움",
      "rating": "디자인 4.0 / 5.0\\n향 4.0 / 5.0\\n맛 4.5 / 5.0\\n목넘김 5.0 / 5.0\\n빨림 4.5 / 5.0\\n연량 3.5 / 5.0\\n총점 4.2 / 5.0"
    },
    {
      "id": "55",
      "url": "./img/product/theone_0.1.jpg",
      "title": "더원 화이트",
      "detail": "타르 0.1mg, 니코틴 0.01mg",
      "tag": "#보리차맛 #담배향",
      "rating": "디자인 2.5 / 5.0\\n향 4.0 / 5.0\\n맛 2.0 / 5.0\\n목넘김 1.5 / 5.0\\n빨림 4.0 / 5.0\\n연량 4.0 / 5.0\\n총점 3.6 / 5.0"
    },
    {
      "id": "56",
      "url": "./img/product/theone_0.5.jpg",
      "title": "더원 오렌지",
      "detail": "타르 0.5mg, 니코틴 0.05mg",
      "tag": "#끊고싶을때 #담배향",
      "rating": "디자인 2.5 / 5.0\\n향 4.0 / 5.0\\n맛 2.5 / 5.0\\n목넘김 2.5 / 5.0\\n빨림 4.0 / 5.0\\n연량 4.0 / 5.0\\n총점 3.9 / 5.0"
    },
    {
      "id": "57",
      "url": "./img/product/theone_1.jpg",
      "title": "더원 블루",
      "detail": "타르 1.0mg, 니코틴 0.10mg",
      "tag": "#짙은흙맛 #평범함 #담배향",
      "rating": "디자인 2.5 / 5.0\\n향 4.0 / 5.0\\n맛 3.0 / 5.0\\n목넘김 3.5 / 5.0\\n빨림 3.5 / 5.0\\n연량 4.0 / 5.0\\n총점 4.1 / 5.0"
    }
  ],

  "KTNG": {
    "thin": [
      {
        "id": "0",
        "url": "./img/product/01_esse_change_himalaya.jpg",
        "title": "에쎄체인지 히말라야",
        "detail": "타르 1.0mg, 니코틴 0.10mg",
        "tag": "#캡슐 #소다맛 #박하향",
        "rating": "디자인 4.5 / 5.0 \\n향 3.5 / 5.0  \\n맛 2.5 / 5.0 \\n목넘김 4.0 / 5.0   \\n빨림 4.5 / 5.0  \\n연량 4.0 / 5.0  \\n총점 3.8 / 5.0"
      },
      {
        "id": "1",
        "url": "./img/product/06_esse_change_up.jpeg",
        "title": "에쎄 체인지업",
        "detail": "타르 1.0mg, 니코틴0.10mg",
        "tag": "#캡슐 #오렌지맛 #귤맛 #멘솔",
        "rating": "디자인 3.0 / 5.0\\n향 4.5 / 5.0\\n맛 4.5 / 5.0\\n목넘김 4.0 / 5.0\\n빨림 3.0 / 5.0\\n연량 4.0 / 5.0\\n총점 3.8 / 5.0"
      },
      {
        "id": "2",
        "url": "./img/product/17_Esse_change.jpg",
        "title": "에쎄 체인지 1mg",
        "detail": "타르 1.0mg, 니코틴 0.10mg",
        "tag": "#캡슐 #멘솔 #베이직",
        "rating": "디자인 4.0 / 5.0\\n향 3.0 / 5.0\\n맛 3.5 / 5.0\\n목넘김 4.5 / 5.0\\n빨림 4.5 / 5.0\\n연량 4.0 / 5.0\\n총점 3.9 / 5.0"
      },
      {
        "id": "3",
        "url": "./img/product/28_bohem_cigar_slimfit.jpg",
        "title": "보헴시가 슬림핏 브라운",
        "detail": "타르 1.0mg, 니코틴 0.10mg",
        "tag": "#시가맛 #캡슐 #부드러운향",
        "rating": "디자인 4.0 / 5.0\\n향 3.0 / 5.0\\n맛 3.5 / 5.0\\n목넘김 4.0 / 5.0\\n빨림 4.0 / 5.0\\n연량 4.0 / 5.0\\n총점 3.8 / 5.0"
      },
      {
        "id": "4",
        "url": "./img/product/29_bohem_cigar_slimfit.jpg",
        "title": "보헴시가 슬림핏 화이트",
        "detail": "타르 1.0mg, 니코틴 0.10mg",
        "tag": "#캡슐 #밀크소다맛 #고소함",
        "rating": "디자인 4.0 / 5.0\\n향 3.0 / 5.0\\n맛 3.5 / 5.0\\n목넘김 4.0 / 5.0\\n빨림 4.5 / 5.0\\n연량 2.0 / 5.0\\n총점 3.5 / 5.0"
      },
      {
        "id": "5",
        "url": "./img/product/30_esse_change_w.jpg",
        "title": "에쎄 체인지 W",
        "detail": "타르 1.0mg, 니코틴 0.10mg",
        "tag": "#캡슐 #와인 #소다맛",
        "rating": "디자인 4.0 / 5.0\\n향 1.5 ​/ 5.0\\n맛 3.5 / 5.0\\n목넘김 4.0 / 5.0\\n빨림 4.0 / 5.0\\n연량 3.5 / 5.0\\n총점 3.4 / 5.0"
      },
      {
        "id": "6",
        "url": "./img/product/37_esse_change_linn.jpg",
        "title": "에쎄 체인지 린",
        "detail": "타르 1.0mg, 니코틴 0.10mg",
        "tag": "#캡슐 #포도 #풍선껌맛 #시원함",
        "rating": "디자인 3.5 / 5.0\\n향 3.5 / 5.0\\n맛 2.5 / 5.0\\n목넘김 3.5 / 5.0\\n빨림 3.0 / 5.0\\n연량 3.0 / 5.0\\n총점 3.2 / 5.0"
      },
      {
        "id": "7",
        "url": "./img/product/38_esse_change_frozen.jpg",
        "title": "에쎄 체인지 프로즌",
        "detail": "타르 1.0mg, 니코틴 0.10mg",
        "tag": "#캡슐 #포도 #깔끔함",
        "rating": "디자인 4.0 / 5.0\\n향 4.0 / 5.0\\n맛 3.5 / 5.0\\n목넘김 3.5 / 5.0\\n빨림 3.5 / 5.0\\n연량 3.0 / 5.0\\n총점 3.6 / 5.0"
      },
      {
        "id": "8",
        "url": "./img/product/Esse_classic.jpg",
        "title": "에쎄 클래식",
        "detail": "타르 6.5mg, 니코틴 0.65mg",
        "tag": "#좋은 흡입감 #흡연 만족감 우수",
        "rating": "디자인 3.0 / 5.0\\n향 3.0 / 5.0\\n맛 3.5 / 5.0\\n목넘김 2.0 / 5.0\\n빨림 2.0 / 5.0\\n연량 3.5 / 5.0\\n총점  2.5/ 5.0"
      },
      {
        "id": "9",
        "url": "./img/product/Esse_goldenleaf.jpg",
        "title": "에쎄 골든리프",
        "detail": "타르 3.0mg, 니코틴 0.30mg",
        "tag": "#헤이즐넛 #코코넛 #고급스러움",
        "rating": "디자인 5.0 / 5.0\\n향 4.0 / 5.0\\n맛 3.5 / 5.0\\n목넘김 3.0 / 5.0\\n빨림 3.0 / 5.0\\n연량 3.0 / 5.0\\n총점  3.6/ 5.0"
      },
      {
        "id": "10",
        "url": "./img/product/Esse_Prime.jpg",
        "title": "에쎄 프라임",
        "detail": "타르 4.5mg, 니코틴 0.45mg",
        "tag": "#뒤끝 없음 #깔끔함",
        "rating": "디자인 2.0 / 5.0\\n향 3.0 / 5.0\\n맛 3.5 / 5.0\\n목넘김 3.0 / 5.0\\n빨림 2.5 / 5.0\\n연량 3.0 / 5.0\\n총점  3.6/ 5.0"
      },
      {
        "id": "11",
        "url": "./img/product/Esse_specialGold.jpg",
        "title": "에쎄 스페셜골드",
        "detail": "타르 3.5mg, 니코틴 0.40mg",
        "tag": "#순함 #부드러움 #깔끔함",
        "rating": "디자인 4.5 / 5.0\\n향 3.0 / 5.0\\n맛 3.5 / 5.0\\n목넘김 2.0 / 5.0\\n빨림 3.0 / 5.0\\n연량 3.0 / 5.0\\n총점  3.2/ 5.0"
      },
      {
        "id": "12",
        "url": "./img/product/Esse0.1.jpg",
        "title": "에쎄 수 0.1mg",
        "detail": "타르 0.1mg, 니코틴 0.01mg",
        "tag": "#매우순함 #대나무숯향 #2중필터",
        "rating": "디자인 3.5 / 5.0\\n향 3.0 / 5.0\\n맛 3.5 / 5.0\\n목넘김 1.0 / 5.0\\n빨림 3.0 / 5.0\\n연량 2.0 / 5.0\\n총점  2.6/ 5.0"
      },
      {
        "id": "13",
        "url": "./img/product/Esse0.5.jpg",
        "title": "에쎄 수 0.5mg",
        "detail": "타르 0.5mg, 니코틴 0.05mg",
        "tag": "#매우순함 #대나무숯향 #2중필터",
        "rating": "디자인 3.5 / 5.0\\n향 3.0 / 5.0\\n맛 3.5 / 5.0\\n목넘김 2.0 / 5.0\\n빨림 2.0 / 5.0\\n연량 3.0 / 5.0\\n총점  2.8/ 5.0"
      },
      {
        "id": "14",
        "url": "./img/product/Esse1.jpg",
        "title": "에쎄 수 1mg",
        "detail": "타르 1.0mg, 니코틴 0.10mg",
        "tag": "#순함 #대나무숯향 #2중필터",
        "rating": "디자인 3.5 / 5.0\\n향 3.0 / 5.0\\n맛 3.5 / 5.0\\n목넘김 2.0 / 5.0\\n빨림 2.0 / 5.0\\n연량 3.0 / 5.0\\n총점  2.5/ 5.0"
      }
    ],
    "thick": [
      {
        "id": "2",
        "url": "./img/product/03_africa_sunday.jpg",
        "title": "아프리카 썬데이",
        "detail": "타르 1.0mg, 니코틴 0.10mg",
        "tag": "#캡슐 #바나나맛 #멘솔",
        "rating": "디자인 4.5 / 5.0\\n 향 4.5 / 5.0\\n 맛 4.5 / 5.0\\n 목넘김 4.0 / 5.0\\n  빨림 4.5 / 5.0\\n  연량 3.5 / 5.0\\n 총점 4.25 / 5.0"
      },
      {
        "id": "4",
        "url": "./img/product/05_bohem_cubana_double.jpg",
        "title": "보헴시가 쿠바나 더블",
        "detail": "타르 6.0mg, 니코틴 0.4mg",
        "tag": "#캡슐 #모히또맛 #청량감",
        "rating": "디자인 4.5 / 5.0\\n   향 4.5 / 5.0\\n   맛 4.5 / 5.0\\n 목넘김 4.0 / 5.0\\n 빨림 4.0 / 5.0\\n연량 4.0 / 5.0\\n총점 4.3 / 5.0"
      },
      {
        "id": "7",
        "url": "./img/product/08_lamborghini_Icevolt_gt.jpg",
        "title": "토니노 람보르기니 아이스볼트 GT",
        "detail": "타르 6.0mg, 니코틴 0.50mg",
        "tag": "#캡슐 #강한 멘솔 #중독성",
        "rating": "디자인 5.0 / 5.0\\n향 5.0 / 5.0\\n맛 5.0 / 5.0\\n목넘김 3.0 / 5.0\\n빨림 3.0 / 5.0\\n연량 3.0 / 5.0\\n총점 4.0 / 5.0"
      },
      {
        "id": "8",
        "url": "./img/product/09_raison_french_black.jpg",
        "title": "레종 프렌치 블랙",
        "detail": "타르 3.0mg, 니코틴 0.20mg",
        "tag": "#캡슐 #포도향",
        "rating": "디자인 4.5 / 5.0\\n향 4.5 / 5.0\\n맛 1.5 / 5.0\\n목넘김 4.5 / 5.0\\n빨림 4.5 / 5.0\\n연량 4.5 / 5.0\\n총점 4.0 / 5.0"
      },
      {
        "id": "9",
        "url": "./img/product/10_raison_hyvaa.jpg",
        "title": "레종 휘바",
        "detail": "타르 3.0mg, 니코틴 0.20mg",
        "tag": "#캡슐 #멘솔 #소다맛",
        "rating": "디자인 5.0 / 5.0\\n향 4.5 / 5.0\\n맛 3.5 / 5.0\\n목넘김 4.0 / 5.0\\n빨림 4.0 / 5.0\\n연량 4.0 / 5.0\\n총점 4.1 / 5.0"
      },
      {
        "id": "12",
        "url": "./img/product/14_raison_frenchcleo.jpg",
        "title": "레종 프렌치 끌레오",
        "detail": "타르 1.0mg, 니코틴 0.10mg",
        "tag": "#캡슐 #과일 #목캔디맛",
        "rating": "디자인 5.0 / 5.0\\n향 3.5 / 5.0\\n맛 2.5 / 5.0\\n목넘김 3.5 / 5.0\\n빨림 4.0 / 5.0\\n연량 3.5 / 5.0\\n총점 3.6 / 5.0"
      },
      {
        "id": "14",
        "url": "./img/product/16_africa_rula.jpg",
        "title": "디스 아프리카 룰라",
        "detail": "타르 5.0mg, 니코틴 0.40mg",
        "tag": "#캡슐 #바닐라맛 #구수한맛",
        "rating": "디자인 4.5 / 5.0\\n향 4.5 / 5.0\\n맛 3.5 / 5.0\\n목넘김 4.5 / 5.0\\n빨림 3.5 / 5.0\\n연량 4.5 / 5.0\\n총점 4.1 / 5.0"
      },
      {
        "id": "16",
        "url": "./img/product/19_raison_icepresso.jpg",
        "title": "레종 아이스 프레소",
        "detail": "타르 6.0mg, 니코틴 0.50mg",
        "tag": "#캡슐 #헤이즐넛맛 #커피",
        "rating": "디자인 3.5 / 5.0\\n향 5.0 / 5.0\\n맛 3.0 / 5.0\\n목넘김 3.5 / 5.0\\n빨림 4.0 / 5.0\\n연량 5.0 / 5.0\\n총점 4.0 / 5.0"
      },
      {
        "id": "17",
        "url": "./img/product/20_africa_mola.jpg",
        "title": "디스 아프리카 몰라",
        "detail": "타르 5.0mg, 니코틴 0.40mg",
        "tag": "#캡슐 #바나나 #딸기 #사과 #라임 #오렌지",
        "rating": "디자인 3.0 / 5.0\\n향 3.0 / 5.0\\n맛 1.5 / 5.0\\n목넘김 3.0 / 5.0\\n빨림 3.0 / 5.0\\n연량 4.0 / 5.0\\n총점 2.9 ​/ 5.0"
      },
      {
        "id": "19",
        "url": "./img/product/23_raison_sunpresso.jpg",
        "title": "레종 썬 프레소",
        "detail": "타르 6.0mg, 니코틴 0.50mg",
        "tag": "#캡슐 #헤이즐넛 #오렌지맛",
        "rating": "디자인 3.5 / 5.0\\n향 5.0 / 5.0\\n맛 4.0 / 5.0\\n목넘김 3.5 / 5.0\\n빨림 4.0 / 5.0\\n연량 5.0 / 5.0\\n총점 4.1 / 5.0"
      },
      {
        "id": "31",
        "url": "./img/product/42_bohem_cigar_libre.jpg",
        "title": "보헴시가 리브레",
        "detail": "타르 5.0mg, 니코틴 0.40mg",
        "tag": "#부드러움",
        "rating": "디자인 3.5 / 5.0\\n향 3.5 / 5.0\\n맛 3.5 / 5.0\\n목넘김 4.5 / 5.0\\n빨림 4.0 / 5.0\\n연량 4.5 / 5.0\\n총점 3.9 / 5.0"
      },
      {
        "id": "33",
        "url": "./img/product/44_raison_french_pola.jpg",
        "title": "레종 프렌치 폴라",
        "detail": "타르 3.0mg, 니코틴 0.20mg",
        "tag": "#캡슐 #폴라 #복숭아맛 #부드러움",
        "rating": "디자인 3.5 / 5.0\\n향 3.0 / 5.0\\n맛 2.0 / 5.0\\n목넘김 4.0 / 5.0\\n빨림 3.5 / 5.0\\n연량 3.5 / 5.0\\n총점 3.2 / 5.0"
      },
      {
        "id": "36",
        "url": "./img/product/48_raison_french_yogo.jpg",
        "title": "레종 프렌치 요고",
        "detail": "타르 1.0mg, 니코틴 0.10mg",
        "tag": "#캡슐 #요거트 #블랙 타바코",
        "rating": "디자인 4.0 / 5.0\\n향 4.0 / 5.0\\n맛 2.0 / 5.0\\n목넘김 4.0 / 5.0\\n빨림 4.0 / 5.0\\n연량 3.5 / 5.0\\n총점 3.6 / 5.0"
      },
      {
        "id": "38",
        "url": "./img/product/50_raison_french_ssom.jpg",
        "title": "레종 프렌치 썸",
        "detail": "타르 3.0mg, 니코틴 0.20mg",
        "tag": "#두가지 캡슐 #자몽맛 #꿀맛 #단맛",
        "rating": "디자인 4.5 / 5.0\\n향 2.0 / 5.0\\n맛 2.5 / 5.0\\n목넘김 3.5 / 5.0\\n빨림 3.5 / 5.0\\n연량 3.5 / 5.0\\n총점 3.3 / 5.0"
      },
      {
        "id": "55",
        "url": "./img/product/theone_0.1.jpg",
        "title": "더원 화이트",
        "detail": "타르 0.1mg, 니코틴 0.01mg",
        "tag": "#보리차맛 #담배향",
        "rating": "디자인 2.5 / 5.0\\n향 4.0 / 5.0\\n맛 2.0 / 5.0\\n목넘김 1.5 / 5.0\\n빨림 4.0 / 5.0\\n연량 4.0 / 5.0\\n총점 3.6 / 5.0"
      },
      {
        "id": "56",
        "url": "./img/product/theone_0.5.jpg",
        "title": "더원 오렌지",
        "detail": "타르 0.5mg, 니코틴 0.05mg",
        "tag": "#끊고싶을때 #담배향",
        "rating": "디자인 2.5 / 5.0\\n향 4.0 / 5.0\\n맛 2.5 / 5.0\\n목넘김 2.5 / 5.0\\n빨림 4.0 / 5.0\\n연량 4.0 / 5.0\\n총점 3.9 / 5.0"
      },
      {
        "id": "57",
        "url": "./img/product/theone_1.jpg",
        "title": "더원 블루",
        "detail": "타르 1.0mg, 니코틴 0.10mg",
        "tag": "#짙은흙맛 #평범함 #담배향",
        "rating": "디자인 2.5 / 5.0\\n향 4.0 / 5.0\\n맛 3.0 / 5.0\\n목넘김 3.5 / 5.0\\n빨림 3.5 / 5.0\\n연량 4.0 / 5.0\\n총점 4.1 / 5.0"
      }
    ]
  },
  "Philip": {
    "thin": [],
    "thick": [
      {
        "id": "3",
        "url": "./img/product/04_marboro_hybrid5.jpg",
        "title": "말보로 하이브리드 5mg",
        "detail": "타르 5.0mg, 니코틴 0.40mg",
        "tag": "#캡슐 #사이다맛 #민트맛",
        "rating": "디자인 4.5 / 5.0\\n향 2.5 / 5.0\\n맛 3.0 / 5.0\\n목넘김 4.0 / 5.0\\n빨림 2.5 / 5.0\\n연량 3.5​ / 5.0\\n 총점 3.3 / 5.0"
      },
      {
        "id": "6",
        "url": "./img/product/07_marlboro_red.jpg",
        "title": "말보로 레드",
        "detail": "타르 8.0mg, 니코틴 0.70mg",
        "tag": "#진함 #부드러움 #오리지널한 맛",
        "rating": "디자인 4.5 / 5.0\\n향 3.0 / 5.0\\n맛 4.5 / 5.0\\n목넘김 5.0 / 5.0\\n빨림 3.0 / 5.0\\n연량 4.5 / 5.0\\n총점 4.0 / 5.0"
      },
      {
        "id": "10",
        "url": "./img/product/11_marlboro_ice_blast.jpg",
        "title": "말보로 아이스 블라스트",
        "detail": "타르 6.0mg, 니코틴 0.50mg",
        "tag": "#캡슐 #박하맛 #멘솔",
        "rating": "디자인 5.0 / 5.0\\n향 4.0 / 5.0\\n맛 5.0 / 5.0\\n목넘김 4.5 / 5.0\\n빨림 4.5 / 5.0\\n연량 4.5 / 5.0\\n총점 4.6 / 5.0"
      },
      {
        "id": "11",
        "url": "./img/product/12_marlboro_white_fresh.jpg",
        "title": "말보로 화이트 후레쉬",
        "detail": "타르 6.0mg, 니코틴 0.50mg",
        "tag": "#캡슐 #멘솔",
        "rating": "디자인 5.0 / 5.0\\n향 1.5 / 5.0\\n맛 2.5 / 5.0\\n목넘김 3.0 / 5.0\\n빨림 2.5 / 5.0\\n연량 5.0 / 5.0\\n총점 3.2 / 5.0"
      },
      {
        "id": "18",
        "url": "./img/product/21_marlboro_black_fresh.jpg",
        "title": "말보로 블랙 후레쉬",
        "detail": "타르 6.0mg, 니코틴 0.50mg",
        "tag": "#매우시원함",
        "rating": "디자인 4.5 / 5.0\\n향 2.5 / 5.0\\n맛 2.5 / 5.0\\n목넘김 2.0 / 5.0\\n빨림 3.5 / 5.0\\n연량 3.0 / 5.0\\n총점 3.0 / 5.0"
      },
      {
        "id": "29",
        "url": "./img/product/40_marlboro_shuffle.jpg",
        "title": "말보로 셔플",
        "detail": "타르 5.0mg, 니코틴 0.40mg",
        "tag": "#다섯가지 캡슐 #메론 #시트러스 #멘솔 #트로피컬 #베리",
        "rating": "디자인 5.0 / 5.0\\n향 2.0 / 5.0\\n맛 2.5 / 5.0\\n목넘김 4.0 / 5.0\\n빨림 3.5 / 5.0\\n연량 4.0 / 5.0\\n총점 3.5 / 5.0"
      },
      {
        "id": "30",
        "url": "./img/product/41_marlboro_zing_fusion.jpg",
        "title": "말보로 징퓨전 더블(징더블)",
        "detail": "타르 6.0mg, 니코틴 0.40mg",
        "tag": "#캡슐 #복숭아맛",
        "rating": "디자인 4.0 / 5.0\\n향 2.0 / 5.0\\n맛 1.5 / 5.0\\n목넘김 4.0 / 5.0\\n빨림 4.0 / 5.0\\n연량 4.0 / 5.0\\n총점 3.3 / 5.0"
      },
      {
        "id": "51",
        "url": "./img/product/parliament aqua5.jpg",
        "title": "팔리아멘트 아쿠아5",
        "detail": "타르 5.0mg, 니코틴 0.40mg",
        "tag": "#고소함 #뒷맛깔끔",
        "rating": "디자인 3.0 / 5.0\\n향 4.0 / 5.0\\n맛 3.5 / 5.0\\n목넘김 4.0 / 5.0\\n빨림 4.5 / 5.0\\n연량 3.5 / 5.0\\n총점  3.8/ 5.0"
      },
      {
        "id": "52",
        "url": "./img/product/parliament_aqua3jpg.jpg",
        "title": "팔리아멘트 아쿠아3",
        "detail": "타르 3.0mg, 니코틴 0.2mg",
        "tag": "#고소함 #뒷맛깔끔",
        "rating": "디자인 3.0 / 5.0\\n향 4.0 / 5.0\\n맛 3.5 / 5.0\\n목넘김 4.0 / 5.0\\n빨림 4.5 / 5.0\\n연량 3.5 / 5.0\\n총점  3.8/ 5.0"
      },
      {
        "id": "50",
        "url": "./img/product/marlboro_gold.jpg",
        "title": "말보로 골드",
        "detail": "타르 6.0mg, 니코틴 0.50mg",
        "tag": "#누룽지향 #뒷맛깔끔",
        "rating": "디자인 4.0 / 5.0\\n향 4.0 / 5.0\\n맛 4.0 / 5.0\\n목넘김 3.5 / 5.0\\n빨림 4.0 / 5.0\\n연량 3.5 / 5.0\\n총점  3.8/ 5.0"
      },
      {
        "id": "13",
        "url": "./img/product/15_parliament_hybrid5.jpg",
        "title": "팔리아멘트 하이브리드 5mg",
        "detail": "타르 5.0mg, 니코틴 0.40mg",
        "tag": "#캡슐 #깔끔 #고소함",
        "rating": "디자인 4.5 / 5.0\\n향 3.5 / 5.0\\n맛 4.5 / 5.0\\n목넘김 4.5 / 5.0\\n빨림 2.0 / 5.0\\n연량 4.5 / 5.0\\n총점 3.8 / 5.0"
      }
    ]
  },
  "JTI": {
    "thin": [],
    "thick": [
      {
        "id": "24",
        "url": "./img/product/31_mevius_yellow.jpg",
        "title": "메비우스 LBS 옐로우",
        "detail": "타르 3.0mg, 니코틴 0.20mg",
        "tag": "#캡슐 #레몬맛",
        "rating": "디자인 3.0 / 5.0\\n향 3.0 / 5.0\\n맛 4.5 / 5.0\\n목넘김 4.0 / 5.0\\n빨림 4.5 / 5.0\\n연량 4.0 / 5.0\\n총점 3.8 / 5.0"
      },
      {
        "id": "25",
        "url": "./img/product/33_mevius_blue.jpg",
        "title": "메비우스 LBS 블루",
        "detail": "타르 1.0mg, 니코틴 0.10mg",
        "tag": "#캡슐 #목캔디 #박하맛",
        "rating": "디자인 3.0 / 5.0\\n향 3.0 / 5.0\\n맛 3.0 / 5.0\\n목넘김 4.5 / 5.0\\n빨림 3.0 / 5.0\\n연량 3.0 / 5.0\\n총점 3.2 / 5.0"
      },
      {
        "id": "34",
        "url": "./img/product/46_mevius_tropical_mix.jpg",
        "title": "메비우스 LBS 트로피컬 믹스",
        "detail": "타르 5.0mg, 니코틴 0.30mg",
        "tag": "#캡슐 #연유맛 #과일",
        "rating": "디자인 3.0 / 5.0\\n향 3.0 / 5.0\\n맛 3.5 / 5.0\\n목넘김 4.0 / 5.0\\n빨림 3.5 / 5.0\\n연량 3.5 / 5.0\\n총점 3.4 / 5.0"
      },
      {
        "id": "48",
        "url": "./img/product/LSS1.jpg",
        "title": "메비우스 LSS 1mg",
        "detail": "타르 1.0mg, 니코틴 0.10mg",
        "tag": "#적은 냄새 #옆으로 열리는 디자인",
        "rating": "디자인 5.0 / 5.0\\n향 4.0 / 5.0\\n맛 3.5 / 5.0\\n목넘김 3.0 / 5.0\\n빨림 2.5 / 5.0\\n연량 3.5 / 5.0\\n총점 3.5 / 5.0"
      },
      {
        "id": "49",
        "url": "./img/product/LSS3.jpg",
        "title": "메비우스 LSS 3mg",
        "detail": "타르 3.0mg, 니코틴 0.30mg",
        "tag": "#적은 냄새 #옆으로 열리는 디자인",
        "rating": "디자인 5.0 / 5.0\\n향 4.0 / 5.0\\n맛 3.5 / 5.0\\n목넘김 4.0 / 5.0\\n빨림 3.5 / 5.0\\n연량 3.5 / 5.0\\n총점 4.0 / 5.0"
      },
      {
        "id": "53",
        "url": "./img/product/skyblue_gwak.jpg",
        "title": "메비우스 스카이 블루 곽",
        "detail": "타르 6.0mg, 니코틴 0.6mg",
        "tag": "#헤이즐넛 #코코넛 #고급스러움",
        "rating": "디자인 4.0 / 5.0\\n향 4.0 / 5.0\\n맛 4.5 / 5.0\\n목넘김 5.0 / 5.0\\n빨림 4.5 / 5.0\\n연량 3.5 / 5.0\\n총점 4.2 / 5.0"
      },
      {
        "id": "54",
        "url": "./img/product/skyblue_pack.jpg",
        "title": "메비우스 스카이 블루 팩",
        "detail": "타르 6.0mg, 니코틴 0.6mg",
        "tag": "#헤이즐넛 #코코넛 #고급스러움",
        "rating": "디자인 4.0 / 5.0\\n향 4.0 / 5.0\\n맛 4.5 / 5.0\\n목넘김 5.0 / 5.0\\n빨림 4.5 / 5.0\\n연량 3.5 / 5.0\\n총점 4.2 / 5.0"
      }
    ]
  },
  "BAT": {
    "thin": [
      {
        "id": "26",
        "url": "./img/product/35_dunhill_mellow_crush.jpg",
        "title": "던힐 파인컷 멜로우 크러쉬",
        "detail": "타르 1.5mg, 니코틴 0.15mg",
        "tag": "#두가지 캡슐 #멘솔 #메론 #청량감",
        "rating": "디자인 4.0 / 5.0\\n향 2.5 / 5.0\\n맛 3.0 / 5.0\\n목넘김 3.5 / 5.0\\n빨림 4.0 / 5.0\\n연량 4.0 / 5.0\\n총점 3.5 / 5.0"
      }
    ],
    "thick": [
      {
        "id": "20",
        "url": "./img/product/24_dunhill_frost.jpg",
        "title": "던힐 프로스트",
        "detail": "타르 1.0mg, 니코틴 0.10mg",
        "tag": "#멘솔",
        "rating": "디자인 4.5 / 5.0\\n향 3.0 / 5.0\\n맛 4.0 / 5.0\\n목넘김 4.0 / 5.0\\n빨림 4.5 / 5.0\\n연량 4.5 / 5.0\\n총점 4.1 / 5.0"
      },
      {
        "id": "32",
        "url": "./img/product/43_dunhill_tobacco.jpg",
        "title": "던힐 스위치",
        "detail": "타르 6.0mg, 니코틴 0.50mg",
        "tag": "#캡슐 #시원한맛",
        "rating": "디자인 4.0 / 5.0\\n향 2.5 / 5.0\\n맛 3.5 / 5.0\\n목넘김 3.5 / 5.0\\n빨림 3.0 / 5.0\\n연량 3.5 / 5.0\\n총점 3.3 / 5.0"
      },
      {
        "id": "39",
        "url": "./img/product/dunhill1.jpg",
        "title": "던힐1mg",
        "detail": "타르 1.0mg, 니코틴 0.10mg",
        "tag": "#가벼움 #입문자",
        "rating": "디자인  2.0/ 5.0\\n향  2.0/ 5.0\\n맛  3.5/ 5.0\\n목넘김  4.3/ 5.0\\n빨림  2.1/ 5.0\\n연량  3.2/ 5.0\\n총점  2.9/ 5.0"
      },
      {
        "id": "40",
        "url": "./img/product/dunhill3.jpg",
        "title": "던힐3mg",
        "detail": "타르 3.0mg, 니코틴 0.30mg",
        "tag": "#밸런스 #묵직함",
        "rating": "디자인  2.0/ 5.0\\n향  2.0/ 5.0\\n맛  3.5/ 5.0\\n목넘김  4.3/ 5.0\\n빨림  2.1/ 5.0\\n연량  3.2/ 5.0\\n총점  2.9/ 5.0"
      }
    ]
  }
}
